[
  {
    "id": 1,
    "title": "2 BHK Apartment in Lucknow",
    "location": "Lucknow",
    "price": 15000,
    "type": "Residential",
    "size": 1200,
    "amenities": ["2 bedrooms", "2 bathrooms", "Kitchen"],
    "images": ["house1.jpg"],
    "description": "Spacious 2 BHK apartment located in the heart of Vibhuti Khand. Ideal for small families looking for a comfortable home."
  },
  {
    "id": 2,
    "title": "Commercial Shop in Gomtinagar",
    "location": "Lucknow",
    "price": 30000,
    "type": "Commercial",
    "size": 800,
    "amenities": ["Parking"],
    "images": ["shop1.jpg"],
    "description": "Ground‑floor commercial space suitable for retail businesses. Situated on a busy street with good footfall."
  },
  {
    "id": 3,
    "title": "Luxury Villa in Lucknow",
    "location": "Lucknow",
    "price": 5000000,
    "type": "Residential",
    "size": 3500,
    "amenities": ["3 bedrooms", "4 bathrooms", "Garden", "Swimming Pool"],
    "images": ["villa1.jpg"],
    "description": "A beautifully designed luxury villa with modern amenities and a private swimming pool. Perfect for those seeking comfort and elegance."
  },
  {
    "id": 4,
    "title": "Plot for Sale in Ayodhya",
    "location": "Ayodhya",
    "price": 1000000,
    "type": "Land",
    "size": 4000,
    "amenities": [],
    "images": ["plot1.jpg"],
    "description": "Freehold land parcel located near the highway. Ideal for both residential and commercial development."
  },
  {
    "id": 5,
    "title": "Office Space in Kanpur",
    "location": "Kanpur",
    "price": 80000,
    "type": "Commercial",
    "size": 2000,
    "amenities": ["Lift", "Parking"],
    "images": ["office1.jpg"],
    "description": "Fully furnished office space equipped with modern infrastructure. Ready to move in."
  }
]